,artist,song,mel,rms(mean),rms(var),sc(mean),sc(var),zcr(mean),zcr(var),duration,bpm
0,"AP Dhillon, Gurinder Gill, Intense",01 Excuses.wav,"[[0.00000000e+00 0.00000000e+00 5.01896635e-10 ... 8.26598629e-02
  6.02699779e-02 1.19554766e-01]
 [0.00000000e+00 0.00000000e+00 2.68778499e-10 ... 3.85683179e-01
  1.20012283e+00 3.50072175e-01]
 [0.00000000e+00 0.00000000e+00 5.03052530e-11 ... 1.96589260e+01
  9.09895706e+00 3.98158491e-01]
 ...
 [0.00000000e+00 0.00000000e+00 7.27827590e-11 ... 3.42289153e-09
  2.53865395e-09 1.22362593e-07]
 [0.00000000e+00 0.00000000e+00 1.04334111e-10 ... 2.64576694e-09
  3.30943961e-09 1.21883559e-07]
 [0.00000000e+00 0.00000000e+00 9.35740235e-11 ... 3.07531089e-09
  4.02272882e-09 1.23306791e-07]]",0.088944614,0.0047141947,2432.8279984824994,283071.79908979224,0.09995037884280743,0.09995037884280743,10.0,95.703125
1,"AP Dhillon, Shinda Kahlon, Gurinder Gill, Gminxr",01 Insane.wav,"[[0.00000000e+00 2.39820774e-10 4.99612689e-02 ... 4.90173930e-04
  2.82743189e-04 1.06701404e-01]
 [0.00000000e+00 6.26153712e-11 2.66254172e-02 ... 1.73049641e-03
  2.31479686e-02 1.25179052e-01]
 [0.00000000e+00 2.10434517e-11 4.72706091e-03 ... 2.69109420e-02
  1.24066502e-01 1.49185807e-01]
 ...
 [0.00000000e+00 5.36024870e-11 1.14104981e-09 ... 2.89675350e-09
  2.33493913e-09 7.88448986e-08]
 [0.00000000e+00 4.11016707e-11 1.26018340e-09 ... 3.35550387e-09
  2.44182963e-09 7.81757166e-08]
 [0.00000000e+00 3.15198041e-11 1.16216425e-09 ... 3.39378947e-09
  2.10674367e-09 8.29934663e-08]]",0.08381761,0.0029655215,1184.2215976478676,372834.44254718727,0.01941682678364269,0.01941682678364269,10.0,117.45383522727273
2,Aditya A,01 Chaand Baaliyan.wav,"[[0.00000000e+00 0.00000000e+00 0.00000000e+00 ... 5.63594662e-02
  5.12920469e-02 2.98238099e-01]
 [0.00000000e+00 0.00000000e+00 0.00000000e+00 ... 4.67219986e-02
  2.37604734e-02 4.33496505e-01]
 [0.00000000e+00 0.00000000e+00 0.00000000e+00 ... 1.01956226e-01
  9.69765112e-02 6.22346103e-01]
 ...
 [0.00000000e+00 0.00000000e+00 0.00000000e+00 ... 3.67717390e-09
  3.41510553e-09 1.40159909e-06]
 [0.00000000e+00 0.00000000e+00 0.00000000e+00 ... 2.69940048e-09
  2.57351229e-09 1.34531513e-06]
 [0.00000000e+00 0.00000000e+00 0.00000000e+00 ... 3.74125664e-09
  4.26297975e-09 1.30235435e-06]]",0.06818464,0.0019417495,1575.059792907371,1786096.7009273234,0.027464970635150812,0.027464970635150812,10.0,123.046875
3,Alec Benjamin,04 Let Me Down Slowly.wav,"[[0.0000000e+00 0.0000000e+00 0.0000000e+00 ... 2.2163759e-03
  1.7819280e-03 2.8778969e-03]
 [0.0000000e+00 0.0000000e+00 0.0000000e+00 ... 2.9224637e-01
  1.7749394e-01 4.4962447e-02]
 [0.0000000e+00 0.0000000e+00 0.0000000e+00 ... 2.1341829e+00
  1.2101191e+00 3.5510451e-01]
 ...
 [0.0000000e+00 0.0000000e+00 0.0000000e+00 ... 3.3115184e-09
  3.2179035e-09 6.0278076e-09]
 [0.0000000e+00 0.0000000e+00 0.0000000e+00 ... 4.3032125e-09
  2.7487390e-09 6.0776859e-09]
 [0.0000000e+00 0.0000000e+00 0.0000000e+00 ... 4.0018917e-09
  3.2576848e-09 5.6310627e-09]]",0.04698437,0.0017775145,1038.3546271016692,100200.6069128892,0.017942919808584687,0.017942919808584687,10.0,139.6748310810811
4,Ali Zafar,11 Jhoom - R_B Mix.wav,"[[0.00000000e+00 0.00000000e+00 0.00000000e+00 ... 1.23911901e-04
  5.22168339e-05 1.13090146e-02]
 [0.00000000e+00 0.00000000e+00 0.00000000e+00 ... 3.36489669e-04
  4.37661307e-04 1.33665195e-02]
 [0.00000000e+00 0.00000000e+00 0.00000000e+00 ... 5.14158921e-04
  4.90991399e-04 2.32971907e-02]
 ...
 [0.00000000e+00 0.00000000e+00 0.00000000e+00 ... 2.66746292e-09
  3.51429530e-09 6.54042154e-09]
 [0.00000000e+00 0.00000000e+00 0.00000000e+00 ... 1.84409055e-09
  3.09921910e-09 4.45637172e-09]
 [0.00000000e+00 0.00000000e+00 0.00000000e+00 ... 3.25506000e-09
  2.82698687e-09 4.18847046e-09]]",0.042285804,0.0005313659,1253.4570482355482,1737369.3211770717,0.02348281612529002,0.02348281612529002,10.0,87.5926906779661
5,"Alka Yagnik, Arijit Singh",14 Agar Tum Saath Ho (From _Tamasha_).wav,"[[0.0000000e+00 0.0000000e+00 0.0000000e+00 ... 4.7050775e-03
  3.3389501e-02 5.5661049e-02]
 [0.0000000e+00 0.0000000e+00 0.0000000e+00 ... 9.0190157e-02
  4.6235517e-01 2.1544006e+00]
 [0.0000000e+00 0.0000000e+00 0.0000000e+00 ... 7.9534459e-01
  8.4726524e-01 2.4578269e+00]
 ...
 [0.0000000e+00 0.0000000e+00 0.0000000e+00 ... 2.9114395e-09
  4.2656985e-09 2.1848967e-08]
 [0.0000000e+00 0.0000000e+00 0.0000000e+00 ... 2.2758198e-09
  3.8583359e-09 1.9866704e-08]
 [0.0000000e+00 0.0000000e+00 0.0000000e+00 ... 2.0242024e-09
  3.1156107e-09 2.2465128e-08]]",0.09998585,0.0011052476,1018.8785590752548,1737802.7164627628,0.03311475855568446,0.03311475855568446,10.0,123.046875
6,Anirudh Ravichander,02 Vikram - Title Track.wav,"[[7.3627959e-10 2.5665043e-09 1.0534506e-08 ... 1.1411248e+03
  4.7401172e+02 2.7197549e+02]
 [5.3284110e-10 1.2514829e-09 8.6796508e-09 ... 5.3246997e+02
  1.3717815e+02 7.2561424e+01]
 [6.5510444e-11 2.0138047e-09 3.9150860e-09 ... 2.1055994e+01
  2.5171003e+00 3.1847622e+00]
 ...
 [4.3011994e-10 1.4359803e-09 2.2054185e-09 ... 6.5040244e-09
  2.5914753e-09 1.9735278e-07]
 [3.0132433e-10 1.9261339e-09 2.7764602e-09 ... 2.5005285e-09
  3.6287062e-09 2.0101294e-07]
 [4.4032938e-10 1.7487568e-09 2.8673313e-09 ... 2.4324749e-09
  2.0986366e-09 1.9592969e-07]]",0.24325459,0.017338518,1887.625915370103,9773875.47617628,0.051477985426334104,0.051477985426334104,10.0,126.04801829268293
7,Anirudh Ravichander,05 Once Upon a Time.wav,"[[9.8000064e-10 6.1458501e-09 8.7356122e-10 ... 3.0927225e+01
  5.4311432e+01 2.6855488e+01]
 [6.1798233e-10 1.2863959e-09 1.2260971e-09 ... 1.0041879e+03
  3.5600258e+01 3.7144245e+01]
 [2.9324456e-11 6.3382621e-10 1.9391244e-09 ... 1.3464247e+03
  1.9199016e+02 7.6540009e+01]
 ...
 [5.5128591e-10 1.8780730e-09 3.7193364e-09 ... 5.1536810e-09
  2.2402353e-09 4.0375511e-08]
 [3.3954664e-10 1.3215745e-09 3.4350292e-09 ... 5.9598384e-09
  3.3050804e-09 4.1972587e-08]
 [2.9243793e-10 2.4000544e-09 1.9062494e-09 ... 4.3942019e-09
  3.9482662e-09 3.9903668e-08]]",0.20307462,0.016396085,1511.9137928149712,5284961.839451966,0.03909648709396752,0.03909648709396752,10.0,123.046875
8,"Anirudh Ravichander, Anthony Daasan",01 Dippam Dappam (From _Kaathuvaakula Rendu Kaadhal_).wav,"[[0.0000000e+00 0.0000000e+00 0.0000000e+00 ... 9.3535623e-03
  4.9687337e-02 1.1465657e-01]
 [0.0000000e+00 0.0000000e+00 0.0000000e+00 ... 1.1490522e-02
  3.8555332e-02 4.6559635e-01]
 [0.0000000e+00 0.0000000e+00 0.0000000e+00 ... 3.5011869e-02
  7.3238671e-02 3.3809319e-01]
 ...
 [0.0000000e+00 0.0000000e+00 0.0000000e+00 ... 2.4565490e-09
  2.2107094e-09 8.2145945e-08]
 [0.0000000e+00 0.0000000e+00 0.0000000e+00 ... 2.2610156e-09
  2.1283169e-09 7.4772394e-08]
 [0.0000000e+00 0.0000000e+00 0.0000000e+00 ... 2.7843106e-09
  2.5062126e-09 6.9688618e-08]]",0.027290769,0.00034356836,1901.9596789895975,1186747.9898123224,0.03190481801044084,0.03190481801044084,10.0,126.04801829268293
9,"Anirudh Ravichander, Jonita Gandhi",01 Arabic Kuthu - Halamithi Habibo (From _Beast_).wav,"[[0.00000000e+00 0.00000000e+00 0.00000000e+00 ... 6.56147301e-02
  5.58716506e-02 4.98499870e-02]
 [0.00000000e+00 0.00000000e+00 0.00000000e+00 ... 4.80984420e-01
  2.80367225e-01 6.47351503e-01]
 [0.00000000e+00 0.00000000e+00 0.00000000e+00 ... 6.95180774e-01
  2.71703124e-01 2.54914552e-01]
 ...
 [0.00000000e+00 0.00000000e+00 0.00000000e+00 ... 3.54027985e-09
  2.99556646e-09 1.16956542e-07]
 [0.00000000e+00 0.00000000e+00 0.00000000e+00 ... 2.28360841e-09
  3.35664119e-09 1.11409427e-07]
 [0.00000000e+00 0.00000000e+00 0.00000000e+00 ... 1.88543003e-09
  2.89616198e-09 1.04313685e-07]]",0.1430703,0.003590628,2095.675608693749,1326894.4386586691,0.027059391313805106,0.027059391313805106,10.0,120.18531976744185
10,"Anirudh Ravichander, Jonita Gandhi",01 Private Party (From _Don_).wav,"[[6.6652006e-10 3.7545215e-07 3.9464467e-05 ... 2.7795103e-01
  9.5629591e-01 4.4901076e-01]
 [4.5997967e-10 4.5438452e-07 4.2881013e-05 ... 5.2793133e-01
  1.1946670e+00 1.6791229e-01]
 [5.8573153e-11 1.5734298e-07 1.4757008e-05 ... 2.0663273e-01
  1.3067597e-01 4.2454224e-02]
 ...
 [2.0707210e-10 5.3374921e-10 2.1087141e-09 ... 2.9880638e-09
  2.8772187e-09 6.6364096e-09]
 [1.7569726e-10 6.8655631e-10 1.8922952e-09 ... 2.3618802e-09
  3.3455956e-09 6.5820718e-09]
 [2.3851035e-10 5.4612015e-10 2.8664875e-09 ... 2.0970672e-09
  2.6953175e-09 5.5589457e-09]]",0.059352335,0.0014031617,3247.727439127806,2676613.737209434,0.06303586318155452,0.06303586318155452,10.0,123.046875
11,"Anirudh Ravichander, Kamal Haasan",01 Pathala Pathala (From _Vikram_).wav,"[[6.0896355e-10 2.6646556e-09 2.6837916e-09 ... 1.6065087e+00
  2.4246337e+00 2.0043387e+00]
 [4.3366732e-10 2.5730156e-11 1.6542182e-10 ... 1.3422556e+00
  1.0297877e+00 1.2144228e+00]
 [5.0293401e-11 1.3885056e-11 5.6735682e-11 ... 1.2158399e+00
  1.1334567e+00 1.0299504e+00]
 ...
 [1.6990900e-10 2.8990507e-10 9.2739660e-10 ... 3.5771544e-09
  2.5443463e-09 8.3254208e-06]
 [1.3879890e-10 3.1813863e-10 1.2435116e-09 ... 3.4316545e-09
  1.9877837e-09 8.2337174e-06]
 [1.7521938e-10 3.8501913e-10 1.2107696e-09 ... 3.9013313e-09
  2.5026976e-09 8.2148972e-06]]",0.085172065,0.008738314,3413.2983861110356,3079971.286756495,0.08289565508990719,0.08289565508990719,10.0,132.51201923076923
12,"Anirudh Ravichander, Rokesh",01 Jalabulajangu (From _Don_).wav,"[[4.1436571e-10 2.0578950e-09 2.5817775e-09 ... 1.6374548e+02
  1.5065167e+02 2.2261838e+02]
 [2.6591473e-10 1.7712831e-11 4.7956188e-11 ... 2.2396533e+03
  2.1982986e+03 2.3700535e+03]
 [3.5551825e-11 1.6495666e-11 2.4847862e-11 ... 1.4684696e+03
  1.1727935e+03 1.1763453e+03]
 ...
 [1.3966037e-10 4.1293469e-10 8.5347596e-10 ... 2.5980607e-09
  3.0994516e-09 7.4796691e-07]
 [1.4492160e-10 4.4347689e-10 8.1002938e-10 ... 4.3907193e-09
  6.1340981e-09 7.2201777e-07]
 [2.0077615e-10 5.1011634e-10 8.1182788e-10 ... 3.3702225e-09
  3.0154854e-09 7.0141220e-07]]",0.14310783,0.013286062,2209.9319354853515,3773634.6385700493,0.05027370939675174,0.05027370939675174,10.0,151.99908088235293
13,BTS,01 Run BTS.wav,"[[4.63303115e-13 8.96589331e-11 5.82556725e-10 ... 2.55303783e-03
  1.41253201e-02 4.21201997e-02]
 [1.59893398e-12 6.18175372e-11 3.01428119e-11 ... 1.28193172e-02
  1.09090388e-01 2.93942410e-02]
 [7.24926304e-13 1.62934631e-11 1.04391894e-11 ... 1.61996603e-01
  4.35370773e-01 6.91351369e-02]
 ...
 [1.09190706e-12 2.73889071e-11 1.84960061e-10 ... 3.14828852e-09
  3.16821680e-09 5.02400098e-06]
 [1.09295418e-12 2.33765941e-11 2.08395134e-10 ... 2.71853740e-09
  2.43771758e-09 4.75893739e-06]
 [1.09234616e-12 3.21861288e-11 1.89484983e-10 ... 2.80091483e-09
  2.60912403e-09 4.59302737e-06]]",0.075545184,0.004069192,3563.676290885491,4883987.809094479,0.10278037086716937,0.10278037086716937,10.0,151.99908088235293
14,"Charlie Puth, BTS, Jung Kook",01 Left and Right (Feat. Jung Kook of BTS).wav,"[[0.0000000e+00 4.0452419e-10 7.6411645e-08 ... 3.2542906e+00
  5.2166519e+00 1.1321154e+01]
 [0.0000000e+00 1.3981005e-10 4.6495182e-07 ... 1.0290203e+02
  9.2698257e+01 7.9297862e+00]
 [0.0000000e+00 6.7591641e-11 1.2020080e-06 ... 6.5672600e+01
  6.7177338e+01 7.8640776e+00]
 ...
 [0.0000000e+00 9.4454639e-11 1.7645354e-09 ... 3.3497061e-09
  2.3350417e-09 1.4325976e-08]
 [0.0000000e+00 8.9500379e-11 1.4999122e-09 ... 2.8970302e-09
  3.3616128e-09 1.3208021e-08]
 [0.0000000e+00 9.2876977e-11 1.0465889e-09 ... 3.0679641e-09
  2.9119338e-09 1.1414218e-08]]",0.13423367,0.007071113,2731.4641195617455,2327194.9200499845,0.05173062282482599,0.05173062282482599,10.0,101.33272058823529
15,"Dhibu Ninan Thomas, Kapil Kapilan",01 Adiye - From _Bachelor.wav,"[[0.0000000e+00 0.0000000e+00 1.6041678e-10 ... 1.9913688e-07
  8.8813664e-08 8.6552298e-08]
 [0.0000000e+00 0.0000000e+00 5.4570268e-11 ... 2.9739860e-07
  5.5542465e-08 1.4810226e-07]
 [0.0000000e+00 0.0000000e+00 1.1861453e-11 ... 6.9202628e-08
  5.8064607e-08 1.3927217e-07]
 ...
 [0.0000000e+00 0.0000000e+00 2.1911351e-11 ... 2.4580464e-09
  2.6052724e-09 3.0540583e-09]
 [0.0000000e+00 0.0000000e+00 2.1956902e-11 ... 3.7665733e-09
  3.5313099e-09 2.4778495e-09]
 [0.0000000e+00 0.0000000e+00 3.1284576e-11 ... 3.4022714e-09
  2.9492215e-09 2.8333864e-09]]",0.03232805,0.0018825898,4771.604467375195,16120386.05444566,0.14780080843967516,0.14780080843967516,10.0,120.18531976744185
16,Dikshant,01 Aankhon Se Batana.wav,"[[0.0000000e+00 0.0000000e+00 0.0000000e+00 ... 4.6412095e-02
  1.1107641e-02 1.9857999e-02]
 [0.0000000e+00 0.0000000e+00 0.0000000e+00 ... 6.6437796e-02
  2.5416534e-02 4.1696690e-02]
 [0.0000000e+00 0.0000000e+00 0.0000000e+00 ... 5.3838406e-02
  1.3261082e-02 2.0100737e-02]
 ...
 [0.0000000e+00 0.0000000e+00 0.0000000e+00 ... 2.7479936e-09
  3.3453418e-09 2.5707396e-09]
 [0.0000000e+00 0.0000000e+00 0.0000000e+00 ... 2.4162767e-09
  3.5154557e-09 3.0669685e-09]
 [0.0000000e+00 0.0000000e+00 0.0000000e+00 ... 2.0086677e-09
  3.9084962e-09 3.2028562e-09]]",0.03136411,0.00074805145,1884.9836151489462,1311053.6804153328,0.03569664479408353,0.03569664479408353,10.0,123.046875
17,Elley Duhé,01 MIDDLE OF THE NIGHT.wav,"[[0.0000000e+00 0.0000000e+00 3.5016898e-14 ... 3.2911549e+01
  1.0631603e+01 7.2745308e+01]
 [0.0000000e+00 0.0000000e+00 4.0968131e-14 ... 4.9613101e+02
  1.7272777e+02 1.6702711e+02]
 [0.0000000e+00 0.0000000e+00 3.7259285e-14 ... 5.6947382e+02
  1.0090274e+02 4.2022480e+01]
 ...
 [0.0000000e+00 0.0000000e+00 3.8617401e-14 ... 2.0072195e-08
  1.0237187e-08 6.0589241e-07]
 [0.0000000e+00 0.0000000e+00 3.8618705e-14 ... 4.7466351e-09
  4.1890655e-09 7.1747183e-07]
 [0.0000000e+00 0.0000000e+00 3.8618722e-14 ... 2.7776308e-09
  2.4553017e-09 7.6055443e-07]]",0.10605211,0.0063255522,2121.3059366602442,1674748.1288690174,0.03537036869199536,0.03537036869199536,10.0,123.046875
18,Glass Animals,14 Heat Waves.wav,"[[0.00000000e+00 0.00000000e+00 0.00000000e+00 ... 1.53463261e-05
  2.96223352e-05 1.05009265e-02]
 [0.00000000e+00 0.00000000e+00 0.00000000e+00 ... 1.15799057e-05
  2.32713355e-05 1.31798172e-02]
 [0.00000000e+00 0.00000000e+00 0.00000000e+00 ... 3.53319083e-05
  3.40894148e-05 1.33747244e-02]
 ...
 [0.00000000e+00 0.00000000e+00 0.00000000e+00 ... 2.53817278e-09
  2.85120327e-09 2.89584641e-08]
 [0.00000000e+00 0.00000000e+00 0.00000000e+00 ... 2.25934449e-09
  3.24900751e-09 2.92243190e-08]
 [0.00000000e+00 0.00000000e+00 0.00000000e+00 ... 2.47475507e-09
  2.71600697e-09 2.83786665e-08]]",0.022010414,0.000110420886,1191.2997310636697,1056347.8063747978,0.029482671113689095,0.029482671113689095,10.0,161.4990234375
19,Harry Styles,04 As It Was.wav,"[[4.63303115e-13 8.96589331e-11 5.82556725e-10 ... 6.39325745e+02
  6.28556824e+02 6.62875305e+02]
 [1.59893398e-12 6.18175372e-11 3.01428119e-11 ... 3.79989319e+02
  3.48134064e+02 3.65493408e+02]
 [7.24926304e-13 1.62934631e-11 1.04391894e-11 ... 6.06453438e+01
  7.70853271e+01 8.46644745e+01]
 ...
 [1.09190706e-12 2.73889071e-11 1.84960061e-10 ... 3.99664790e-09
  2.16252238e-09 5.94180847e-07]
 [1.09295418e-12 2.33765941e-11 2.08395134e-10 ... 3.42238882e-09
  2.56905008e-09 6.02035584e-07]
 [1.09234616e-12 3.21861288e-11 1.89484983e-10 ... 3.16676907e-09
  3.00525582e-09 6.00507747e-07]]",0.16375808,0.025529452,3332.7093678613082,5394515.578659259,0.07165612311484919,0.07165612311484919,10.0,172.265625
20,"Jasleen Royal, B Praak, Romy, Anvita Dutt",01 Ranjha (From _Shershaah_).wav,"[[0.00000000e+00 0.00000000e+00 3.58767649e-14 ... 4.61386051e-03
  1.02499593e-03 4.41412674e-04]
 [0.00000000e+00 0.00000000e+00 4.19741316e-14 ... 6.54758699e-03
  4.17171698e-03 7.02100166e-04]
 [0.00000000e+00 0.00000000e+00 3.81742164e-14 ... 2.90587335e-03
  1.11638885e-02 1.73508073e-03]
 ...
 [0.00000000e+00 0.00000000e+00 3.95656781e-14 ... 2.42519493e-09
  2.57550026e-09 2.39844478e-09]
 [0.00000000e+00 0.00000000e+00 3.95670164e-14 ... 3.17943272e-09
  2.98585823e-09 4.20424051e-09]
 [0.00000000e+00 0.00000000e+00 3.95670299e-14 ... 3.13685988e-09
  2.20190666e-09 2.74470069e-09]]",0.016317949,0.00027093163,958.7099473026927,522972.65290651843,0.02457380184164733,0.02457380184164733,10.0,105.46875
21,Joji,01 Glimpse of Us.wav,"[[0.00000000e+00 0.00000000e+00 0.00000000e+00 ... 4.72685369e-03
  2.05646679e-02 2.52353717e-02]
 [0.00000000e+00 0.00000000e+00 0.00000000e+00 ... 1.41850887e-02
  9.47303846e-02 5.54148331e-02]
 [0.00000000e+00 0.00000000e+00 0.00000000e+00 ... 2.48284806e-02
  1.02153964e-01 2.68401559e-02]
 ...
 [0.00000000e+00 0.00000000e+00 0.00000000e+00 ... 2.81677059e-09
  2.94810931e-09 4.12251344e-09]
 [0.00000000e+00 0.00000000e+00 0.00000000e+00 ... 3.34383610e-09
  3.23811356e-09 5.47105694e-09]
 [0.00000000e+00 0.00000000e+00 0.00000000e+00 ... 3.21689675e-09
  2.17359020e-09 4.78556794e-09]]",0.03835606,0.0008525936,970.054290867602,394543.826480452,0.01802675464037123,0.01802675464037123,10.0,120.18531976744185
22,"Kanishk Seth, Kavita Seth",01 Rangisari (From _Jugjugg Jeeyo_).wav,"[[0.0000000e+00 0.0000000e+00 0.0000000e+00 ... 5.9386096e+00
  4.2794481e-01 1.4141940e+00]
 [0.0000000e+00 0.0000000e+00 0.0000000e+00 ... 1.2532911e+01
  2.2793164e+00 3.5306466e+00]
 [0.0000000e+00 0.0000000e+00 0.0000000e+00 ... 1.3725140e+00
  4.7327399e+00 2.5381014e+00]
 ...
 [0.0000000e+00 0.0000000e+00 0.0000000e+00 ... 3.5407846e-09
  2.7437670e-09 1.5915758e-08]
 [0.0000000e+00 0.0000000e+00 0.0000000e+00 ... 3.3305587e-09
  3.5542043e-09 1.6476262e-08]
 [0.0000000e+00 0.0000000e+00 0.0000000e+00 ... 3.3534677e-09
  2.5782516e-09 1.6400373e-08]]",0.044568375,0.00051155855,1132.0012085208705,844414.557426953,0.015212623259860789,0.015212623259860789,10.0,139.6748310810811
23,"Kavita Seth, Kanishk Seth",01 Rangi Saari.wav,"[[0.0000000e+00 0.0000000e+00 0.0000000e+00 ... 9.7314423e+01
  9.4749924e+01 1.0980813e+02]
 [0.0000000e+00 0.0000000e+00 0.0000000e+00 ... 3.1551599e+02
  3.0871075e+02 2.8350092e+02]
 [0.0000000e+00 0.0000000e+00 0.0000000e+00 ... 4.9000450e+01
  5.7152519e+01 5.8008884e+01]
 ...
 [0.0000000e+00 0.0000000e+00 0.0000000e+00 ... 2.5095028e-09
  2.4499194e-09 7.3239970e-09]
 [0.0000000e+00 0.0000000e+00 0.0000000e+00 ... 3.3145084e-09
  3.2083800e-09 9.2922248e-09]
 [0.0000000e+00 0.0000000e+00 0.0000000e+00 ... 2.5350573e-09
  2.8676737e-09 7.4410664e-09]]",0.09132476,0.0011891176,304.15749096840807,327670.13473307376,0.0037000616299303945,0.0037000616299303945,10.0,139.6748310810811
24,King,08 Tu Aake Dekhle.wav,"[[0.00000000e+00 1.49995745e-11 3.38414568e-04 ... 6.41287491e-02
  2.78306585e-02 4.44527641e-02]
 [0.00000000e+00 2.51917476e-12 1.07132399e-03 ... 2.11874649e-01
  2.55082339e-01 1.11406125e-01]
 [0.00000000e+00 5.20544849e-12 1.42062735e-03 ... 4.16965596e-02
  1.72357470e-01 4.65645567e-02]
 ...
 [0.00000000e+00 8.55314344e-12 1.02595277e-09 ... 2.79888157e-09
  3.77923826e-09 4.12683132e-09]
 [0.00000000e+00 8.09455714e-12 1.07836717e-09 ... 2.51093901e-09
  2.80040457e-09 3.82404819e-09]
 [0.00000000e+00 8.25926133e-12 1.86508076e-09 ... 2.15140949e-09
  2.41044318e-09 4.20864366e-09]]",0.0108635565,3.670039e-05,2060.768786193038,360397.3144652843,0.034447052639211134,0.034447052639211134,10.0,120.18531976744185
25,Mitraz,01 Akhiyaan.wav,"[[0.0000000e+00 0.0000000e+00 0.0000000e+00 ... 1.4586888e+02
  1.6027011e+02 1.5182043e+02]
 [0.0000000e+00 0.0000000e+00 0.0000000e+00 ... 7.4425055e+02
  7.7226086e+02 7.4982635e+02]
 [0.0000000e+00 0.0000000e+00 0.0000000e+00 ... 1.5590269e+02
  1.4895107e+02 1.6963269e+02]
 ...
 [0.0000000e+00 0.0000000e+00 0.0000000e+00 ... 5.0854974e-09
  2.4412772e-09 4.5723223e-06]
 [0.0000000e+00 0.0000000e+00 0.0000000e+00 ... 3.5129135e-09
  3.1247078e-09 4.4628805e-06]
 [0.0000000e+00 0.0000000e+00 0.0000000e+00 ... 3.7513042e-09
  2.9985658e-09 4.3923988e-06]]",0.0983337,0.007519762,1011.6880311428174,927331.239078977,0.02795098607888631,0.02795098607888631,10.0,99.38401442307692
26,Neeti Mohan,01 Meri Jaan.wav,"[[0.0000000e+00 4.4555537e-10 1.4974833e-06 ... 7.6263474e+01
  6.0959572e+01 5.7283054e+01]
 [0.0000000e+00 1.1699830e-10 5.8463615e-07 ... 4.0763691e+01
  2.9518522e+01 2.9207388e+01]
 [0.0000000e+00 1.7261002e-11 1.3925455e-07 ... 1.1619570e+00
  1.1810659e+00 1.2751473e+00]
 ...
 [0.0000000e+00 3.8929748e-11 2.9946046e-10 ... 3.5604080e-09
  3.0974521e-09 1.7222915e-07]
 [0.0000000e+00 4.3884285e-11 3.8106671e-10 ... 5.0320832e-09
  3.3597896e-09 1.8939826e-07]
 [0.0000000e+00 4.5869482e-11 4.0825804e-10 ... 3.1341896e-09
  2.7354570e-09 1.8636734e-07]]",0.06975578,0.00451196,2830.764687876093,4046965.693982389,0.05115170932424594,0.05115170932424594,10.0,109.95678191489361
27,One Direction,07 Night Changes.wav,"[[0.0000000e+00 0.0000000e+00 0.0000000e+00 ... 1.5608931e-02
  9.4964709e-03 3.7190586e-02]
 [0.0000000e+00 0.0000000e+00 0.0000000e+00 ... 3.7432164e-01
  3.6711317e-01 3.4764704e-01]
 [0.0000000e+00 0.0000000e+00 0.0000000e+00 ... 4.3632073e+00
  3.7331836e+00 2.7184248e+00]
 ...
 [0.0000000e+00 0.0000000e+00 0.0000000e+00 ... 3.3480507e-09
  3.9698076e-09 6.1651343e-07]
 [0.0000000e+00 0.0000000e+00 0.0000000e+00 ... 3.0645613e-09
  3.0393732e-09 5.3213068e-07]
 [0.0000000e+00 0.0000000e+00 0.0000000e+00 ... 3.5704701e-09
  2.2846680e-09 4.9227907e-07]]",0.041745488,0.0019508246,1342.0285973164741,1270003.3766824321,0.031959197360788866,0.031959197360788866,10.0,120.18531976744185
28,"Pritam, Arijit Singh",01 Shayad.wav,"[[0.0000000e+00 0.0000000e+00 0.0000000e+00 ... 5.8681383e-03
  1.7432019e-02 1.0977354e-02]
 [0.0000000e+00 0.0000000e+00 0.0000000e+00 ... 6.2805670e-01
  4.4953129e-01 5.2373374e-01]
 [0.0000000e+00 0.0000000e+00 0.0000000e+00 ... 7.1373290e-01
  7.2677952e-01 3.8748980e-01]
 ...
 [0.0000000e+00 0.0000000e+00 0.0000000e+00 ... 3.6601611e-09
  3.9814751e-09 4.4269513e-09]
 [0.0000000e+00 0.0000000e+00 0.0000000e+00 ... 2.7051799e-09
  5.1371720e-09 4.6587330e-09]
 [0.0000000e+00 0.0000000e+00 0.0000000e+00 ... 3.5254111e-09
  4.0657682e-09 8.4873877e-09]]",0.065825015,0.0011528757,2429.1501578619605,2773903.3483689423,0.041714626232598605,0.041714626232598605,10.0,132.51201923076923
29,"Pritam, Arijit Singh, Amitabh Bhattacharya",01 Kesariya Audio Teaser (From _Brahmastra_).wav,"[[0.0000000e+00 0.0000000e+00 0.0000000e+00 ... 6.3573828e+00
  7.4404259e+00 2.3244712e+00]
 [0.0000000e+00 0.0000000e+00 0.0000000e+00 ... 4.8257488e+01
  5.5986660e+01 3.3144901e+01]
 [0.0000000e+00 0.0000000e+00 0.0000000e+00 ... 1.8059740e+01
  2.4068344e+01 1.7346525e+01]
 ...
 [0.0000000e+00 0.0000000e+00 0.0000000e+00 ... 2.8177793e-09
  3.1245040e-09 1.6884017e-07]
 [0.0000000e+00 0.0000000e+00 0.0000000e+00 ... 3.9193044e-09
  3.3157030e-09 1.6502678e-07]
 [0.0000000e+00 0.0000000e+00 0.0000000e+00 ... 3.7721275e-09
  2.9420875e-09 1.6376639e-07]]",0.19494887,0.011101501,1416.0177793934106,919337.6583367699,0.027646235136310905,0.027646235136310905,10.0,93.96306818181819
30,"Pritam, Arijit Singh, Tulsi Kumar",02 Hum Nashe Mein Toh Nahin.wav,"[[7.4439827e-10 5.9701983e-07 5.9056561e-05 ... 2.2925725e-02
  1.3211290e-03 2.3253751e+00]
 [9.8526654e-10 1.5837427e-06 1.3658157e-04 ... 3.9065320e-02
  1.6590677e-01 7.5898619e+00]
 [2.2411098e-10 5.1224056e-06 7.0423580e-04 ... 2.9853240e-01
  4.5080477e-01 5.0364979e+01]
 ...
 [5.1932869e-10 2.1992281e-09 3.0540237e-09 ... 3.1937701e-09
  2.9496832e-09 3.1129565e-07]
 [2.7181329e-10 1.3870077e-09 2.2876017e-09 ... 3.0442220e-09
  2.1098012e-09 3.2860979e-07]
 [3.0429881e-10 2.8798857e-09 4.4425565e-09 ... 2.6638030e-09
  1.9328088e-09 3.2477544e-07]]",0.118343115,0.0028988093,1900.8487787215226,582820.834553299,0.029893914950696057,0.029893914950696057,10.0,105.46875
31,"Pritam, Tanishk Bagchi, Neeraj Shridhar",01 Bhool Bhulaiyaa 2 Title Track.wav,"[[0.0000000e+00 0.0000000e+00 0.0000000e+00 ... 4.0000003e-05
  1.7956947e-05 2.4313254e-03]
 [0.0000000e+00 0.0000000e+00 0.0000000e+00 ... 1.6545915e-04
  5.8557718e-05 3.7473454e-03]
 [0.0000000e+00 0.0000000e+00 0.0000000e+00 ... 2.1082780e-04
  4.3146367e-05 3.0703184e-03]
 ...
 [0.0000000e+00 0.0000000e+00 0.0000000e+00 ... 3.2707224e-09
  3.4200600e-09 2.2791057e-06]
 [0.0000000e+00 0.0000000e+00 0.0000000e+00 ... 3.1320220e-09
  3.0828320e-09 2.2145875e-06]
 [0.0000000e+00 0.0000000e+00 0.0000000e+00 ... 2.2358777e-09
  2.3104096e-09 2.1619660e-06]]",0.04783304,0.0036383737,5183.819046826339,7980790.999790017,0.19907260549593966,0.19907260549593966,10.0,107.666015625
32,"Ravi Basrur, Ananya Bhat",04 Mehabooba.wav,"[[0.00000000e+00 0.00000000e+00 0.00000000e+00 ... 8.20632935e+01
  9.06627426e+01 9.63904724e+01]
 [0.00000000e+00 0.00000000e+00 0.00000000e+00 ... 1.90486450e+02
  2.41670166e+02 2.65805084e+02]
 [0.00000000e+00 0.00000000e+00 0.00000000e+00 ... 8.69751053e+01
  1.04383865e+02 1.22637398e+02]
 ...
 [0.00000000e+00 0.00000000e+00 0.00000000e+00 ... 2.86596702e-09
  4.03636591e-09 8.50395381e-08]
 [0.00000000e+00 0.00000000e+00 0.00000000e+00 ... 3.15730797e-09
  3.78496212e-09 7.87238505e-08]
 [0.00000000e+00 0.00000000e+00 0.00000000e+00 ... 3.12738724e-09
  3.57305852e-09 7.39970716e-08]]",0.18019423,0.0019849183,1406.0998897124962,536573.659506951,0.032986740501740136,0.032986740501740136,10.0,117.45383522727273
33,"Sachet-Parampara, Sachet Tandon",01 Maiyya Mainu (From _Jersey_).wav,"[[0.0000000e+00 0.0000000e+00 0.0000000e+00 ... 1.4491763e-03
  1.4328563e-03 1.1052842e-02]
 [0.0000000e+00 0.0000000e+00 0.0000000e+00 ... 6.6271978e-03
  1.5188750e-03 1.3654571e-02]
 [0.0000000e+00 0.0000000e+00 0.0000000e+00 ... 1.1203849e-02
  2.4147478e-03 2.9521262e-02]
 ...
 [0.0000000e+00 0.0000000e+00 0.0000000e+00 ... 1.7396546e-09
  2.6051097e-09 5.7053603e-07]
 [0.0000000e+00 0.0000000e+00 0.0000000e+00 ... 1.6899652e-09
  3.0322145e-09 5.5726980e-07]
 [0.0000000e+00 0.0000000e+00 0.0000000e+00 ... 1.7765488e-09
  2.1454107e-09 5.4131124e-07]]",0.01482791,0.0012374768,2878.42167866919,1662955.5123263563,0.05626110245069606,0.05626110245069606,10.0,143.5546875
34,"Shae Gill, Ali Sethi",01 Pasoori.wav,"[[0.0000000e+00 0.0000000e+00 0.0000000e+00 ... 9.1302887e-02
  5.1480349e-02 3.2768112e-02]
 [0.0000000e+00 0.0000000e+00 0.0000000e+00 ... 7.6707520e-02
  1.5299368e-01 4.6460263e-02]
 [0.0000000e+00 0.0000000e+00 0.0000000e+00 ... 1.0065247e-01
  8.8268943e-02 9.0338243e-03]
 ...
 [0.0000000e+00 0.0000000e+00 0.0000000e+00 ... 3.9583692e-09
  3.3492278e-09 5.6537402e-08]
 [0.0000000e+00 0.0000000e+00 0.0000000e+00 ... 3.4376284e-09
  3.1542278e-09 6.1202350e-08]
 [0.0000000e+00 0.0000000e+00 0.0000000e+00 ... 3.8238022e-09
  2.5388112e-09 6.2536280e-08]]",0.021640759,0.00042649038,1999.503455300917,6500601.074652691,0.038411080698955914,0.038411080698955914,10.0,105.46875
35,Shubh,01 NO LOVE.wav,"[[0.00000000e+00 0.00000000e+00 0.00000000e+00 ... 9.64129809e-03
  9.83852521e-03 7.35072941e-02]
 [0.00000000e+00 0.00000000e+00 0.00000000e+00 ... 4.86708730e-02
  3.21685076e-02 1.12408236e-01]
 [0.00000000e+00 0.00000000e+00 0.00000000e+00 ... 2.83032395e-02
  3.29754427e-02 1.91434056e-01]
 ...
 [0.00000000e+00 0.00000000e+00 0.00000000e+00 ... 3.21838356e-09
  3.10204640e-09 1.03156005e-07]
 [0.00000000e+00 0.00000000e+00 0.00000000e+00 ... 3.77860898e-09
  3.69188480e-09 9.64264331e-08]
 [0.00000000e+00 0.00000000e+00 0.00000000e+00 ... 2.72785816e-09
  3.89953847e-09 9.53748227e-08]]",0.06745591,0.0014693686,891.4030106248051,335497.1393244874,0.02480717988689095,0.02480717988689095,10.0,135.99917763157896
36,Shubh,01 WE ROLLIN.wav,"[[0.0000000e+00 0.0000000e+00 0.0000000e+00 ... 5.6952554e-01
  3.1124935e-01 6.5204310e-01]
 [0.0000000e+00 0.0000000e+00 0.0000000e+00 ... 6.6457891e-01
  1.3878986e-01 5.4135126e-01]
 [0.0000000e+00 0.0000000e+00 0.0000000e+00 ... 1.5590362e-01
  7.2572097e-02 1.9371852e-01]
 ...
 [0.0000000e+00 0.0000000e+00 0.0000000e+00 ... 3.8262011e-09
  2.4499913e-09 2.0375749e-08]
 [0.0000000e+00 0.0000000e+00 0.0000000e+00 ... 3.2835867e-09
  2.2099427e-09 1.8681398e-08]
 [0.0000000e+00 0.0000000e+00 0.0000000e+00 ... 3.0400376e-09
  2.7673936e-09 1.9490564e-08]]",0.031003281,0.0008470034,1207.418610122163,1820229.298750426,0.026300346215197216,0.026300346215197216,10.0,86.1328125
37,Sia,05 Unstoppable.wav,"[[0.0000000e+00 0.0000000e+00 0.0000000e+00 ... 5.0856304e-01
  1.0861038e-02 1.3245842e-02]
 [0.0000000e+00 0.0000000e+00 0.0000000e+00 ... 1.4871143e-01
  6.8658683e-03 1.0458259e-02]
 [0.0000000e+00 0.0000000e+00 0.0000000e+00 ... 2.2687085e-02
  1.8194463e-02 3.2487873e-02]
 ...
 [0.0000000e+00 0.0000000e+00 0.0000000e+00 ... 3.4183698e-09
  2.1292834e-09 2.3035667e-09]
 [0.0000000e+00 0.0000000e+00 0.0000000e+00 ... 2.6384490e-09
  3.7943781e-09 4.7043049e-09]
 [0.0000000e+00 0.0000000e+00 0.0000000e+00 ... 2.8451761e-09
  3.4961127e-09 4.4970672e-09]]",0.04745927,0.0019568822,1251.135948773554,878135.1460990867,0.03285419083526682,0.03285419083526682,10.0,87.5926906779661
38,"Sid Sriram, Sreejith Edavana",01 Kaadhal En Kaviye - From _Salmon 3D.wav,"[[0.0000000e+00 0.0000000e+00 1.6252034e-10 ... 1.0322891e+01
  9.1932344e+00 8.8460836e+00]
 [0.0000000e+00 0.0000000e+00 6.4249023e-11 ... 1.6934683e+01
  1.3585310e+01 9.2401552e+00]
 [0.0000000e+00 0.0000000e+00 2.3147180e-11 ... 8.7097692e+00
  8.0279989e+00 6.6964207e+00]
 ...
 [0.0000000e+00 0.0000000e+00 1.7956315e-11 ... 2.9228833e-09
  2.9846303e-09 3.9887805e-08]
 [0.0000000e+00 0.0000000e+00 2.4168974e-11 ... 3.2784666e-09
  4.1968509e-09 4.5849696e-08]
 [0.0000000e+00 0.0000000e+00 1.6825303e-11 ... 3.9620023e-09
  4.2023078e-09 4.6772232e-08]]",0.106247224,0.0011838083,1767.7698886354785,2363822.559954219,0.050336019069025524,0.050336019069025524,10.0,135.99917763157896
39,Sidhu Moose Wala,30 295.wav,"[[0.0000000e+00 3.3929434e-10 1.3724954e-07 ... 9.4096140e-05
  1.8557902e-04 3.0840261e-04]
 [0.0000000e+00 1.0824620e-10 4.3710514e-07 ... 5.9020892e-04
  3.1793682e-04 7.7233434e-04]
 [0.0000000e+00 2.7609238e-11 1.6725771e-06 ... 1.7503157e-03
  1.0318798e-03 1.1917533e-03]
 ...
 [0.0000000e+00 3.2503264e-11 5.6551003e-10 ... 3.6708572e-09
  2.8795482e-09 2.8167442e-09]
 [0.0000000e+00 5.3440290e-11 4.0175954e-10 ... 3.2008116e-09
  2.5357003e-09 4.4676640e-09]
 [0.0000000e+00 6.1426704e-11 4.7037235e-10 ... 2.3155722e-09
  2.9380549e-09 3.3081364e-09]]",0.024982143,0.00024721923,1082.2630161262014,575174.9754757644,0.032155189602668215,0.032155189602668215,10.0,135.99917763157896
40,Sidhu Moose Wala,03 Everybody Hurts.wav,"[[0.0000000e+00 0.0000000e+00 0.0000000e+00 ... 2.3237156e-04
  3.8981621e-04 1.3934898e-02]
 [0.0000000e+00 0.0000000e+00 0.0000000e+00 ... 6.1270501e-04
  1.0894608e-04 1.1682335e-02]
 [0.0000000e+00 0.0000000e+00 0.0000000e+00 ... 1.4318096e-02
  1.1197479e-02 4.4305295e-02]
 ...
 [0.0000000e+00 0.0000000e+00 0.0000000e+00 ... 3.9201957e-09
  3.3994902e-09 3.5975418e-09]
 [0.0000000e+00 0.0000000e+00 0.0000000e+00 ... 2.6415585e-09
  2.2317836e-09 3.0916394e-09]
 [0.0000000e+00 0.0000000e+00 0.0000000e+00 ... 3.1028544e-09
  3.7180929e-09 2.8857725e-09]]",0.06261991,0.001263385,1421.9276503799185,2615652.837642153,0.032121202508700694,0.032121202508700694,10.0,120.18531976744185
41,Sidhu Moose Wala,01 SYL.wav,"[[0.00000000e+00 0.00000000e+00 0.00000000e+00 ... 1.22439423e+02
  1.23816956e+02 8.56240311e+01]
 [0.00000000e+00 0.00000000e+00 0.00000000e+00 ... 3.95783569e+02
  4.39923096e+02 2.39976700e+02]
 [0.00000000e+00 0.00000000e+00 0.00000000e+00 ... 2.16211380e+02
  3.24327759e+02 1.48922485e+02]
 ...
 [0.00000000e+00 0.00000000e+00 0.00000000e+00 ... 3.75549147e-09
  3.19239346e-09 3.73511398e-07]
 [0.00000000e+00 0.00000000e+00 0.00000000e+00 ... 3.89553056e-09
  5.70182657e-09 3.67109294e-07]
 [0.00000000e+00 0.00000000e+00 0.00000000e+00 ... 2.91458102e-09
  3.42180440e-09 3.57167266e-07]]",0.20757766,0.012347028,1468.1190768298202,774780.0758881016,0.03160119997099768,0.03160119997099768,10.0,114.84375
42,Sidhu Moose Wala,01 The Last Ride.wav,"[[0.00000000e+00 0.00000000e+00 0.00000000e+00 ... 1.22626603e-04
  6.29370115e-05 1.46433255e-02]
 [0.00000000e+00 0.00000000e+00 0.00000000e+00 ... 2.70413305e-03
  1.68925995e-04 1.78916082e-02]
 [0.00000000e+00 0.00000000e+00 0.00000000e+00 ... 4.12522396e-03
  2.11197441e-03 2.69612577e-02]
 ...
 [0.00000000e+00 0.00000000e+00 0.00000000e+00 ... 2.39665776e-09
  2.53168886e-09 7.10733161e-09]
 [0.00000000e+00 0.00000000e+00 0.00000000e+00 ... 2.73556444e-09
  3.27676242e-09 7.63937624e-09]
 [0.00000000e+00 0.00000000e+00 0.00000000e+00 ... 2.74835577e-09
  3.00755287e-09 8.11392553e-09]]",0.0009778166,2.6126636e-05,644.8313737514372,4505302.695277683,0.01072179524361949,0.01072179524361949,10.0,126.04801829268293
43,"Sidhu Moose Wala, Sunny Malton",01 Never Fold (feat. Sunny Malton).wav,"[[0.0000000e+00 0.0000000e+00 0.0000000e+00 ... 1.1798854e+00
  7.9368007e-01 1.5990062e-01]
 [0.0000000e+00 0.0000000e+00 0.0000000e+00 ... 6.4779317e-01
  2.3459680e+00 1.1656463e+00]
 [0.0000000e+00 0.0000000e+00 0.0000000e+00 ... 2.7642950e-01
  3.6181498e+00 4.2254567e-01]
 ...
 [0.0000000e+00 0.0000000e+00 0.0000000e+00 ... 3.4295076e-09
  2.6316000e-09 3.8839855e-05]
 [0.0000000e+00 0.0000000e+00 0.0000000e+00 ... 2.9425671e-09
  3.5546943e-09 2.9923678e-05]
 [0.0000000e+00 0.0000000e+00 0.0000000e+00 ... 3.6195906e-09
  2.9548808e-09 2.7062777e-05]]",0.12580143,0.0063830726,2555.1207195412776,5906097.389180513,0.06696930285672854,0.06696930285672854,10.0,93.96306818181819
44,"Sidhu Moose Wala, Sunny Malton, The Kidd",01 Levels.wav,"[[0.0000000e+00 0.0000000e+00 0.0000000e+00 ... 2.9139041e-03
  3.4406492e-03 1.6797712e-02]
 [0.0000000e+00 0.0000000e+00 0.0000000e+00 ... 1.5853038e-02
  1.2210347e-02 6.2598795e-02]
 [0.0000000e+00 0.0000000e+00 0.0000000e+00 ... 3.4588294e-03
  2.4891731e-03 5.9590101e-02]
 ...
 [0.0000000e+00 0.0000000e+00 0.0000000e+00 ... 2.9743834e-09
  2.9522385e-09 8.8122524e-06]
 [0.0000000e+00 0.0000000e+00 0.0000000e+00 ... 3.2770540e-09
  2.7865787e-09 8.2356537e-06]
 [0.0000000e+00 0.0000000e+00 0.0000000e+00 ... 3.5781251e-09
  2.1494884e-09 7.9233769e-06]]",0.045189414,0.0014652958,2952.5267591502434,5454695.393124058,0.08974405452436195,0.08974405452436195,10.0,117.45383522727273
45,"Tanishk Bagchi, Jubin Nautiyal, Asees Kaur",01 Raataan Lambiyan (From _Shershaah_).wav,"[[2.0830902e-12 3.4298267e-10 2.5876542e-04 ... 1.9829668e-02
  4.5754510e-01 1.8505535e+00]
 [2.8230671e-12 8.3750243e-11 1.0257481e-03 ... 5.9076518e-01
  4.4802192e-01 2.1040945e+00]
 [1.3017291e-12 2.0994890e-11 5.8675912e-04 ... 5.6642032e-01
  5.0697994e-01 1.0350373e+00]
 ...
 [2.9868666e-12 1.7356867e-10 4.2239803e-09 ... 7.6116535e-09
  6.3229805e-08 8.4798216e-07]
 [3.0205875e-12 1.5731215e-10 2.6568725e-09 ... 3.4871739e-09
  6.3438286e-08 8.7253841e-07]
 [2.9907934e-12 1.6900523e-10 2.4643700e-09 ... 3.3829399e-09
  6.6334003e-08 8.8361247e-07]]",0.21342221,0.013389266,2895.544237870494,1724042.825993299,0.04328936158642691,0.04328936158642691,10.0,107.666015625
46,"The Kid LAROI, Justin Bieber",03 STAY (with Justin Bieber).wav,"[[0.0000000e+00 0.0000000e+00 0.0000000e+00 ... 1.5459853e-03
  6.9055933e-04 2.9248605e-04]
 [0.0000000e+00 0.0000000e+00 0.0000000e+00 ... 5.2224733e-02
  8.5097820e-02 4.9443492e-03]
 [0.0000000e+00 0.0000000e+00 0.0000000e+00 ... 5.2803796e-02
  2.1931046e-01 1.4391465e-02]
 ...
 [0.0000000e+00 0.0000000e+00 0.0000000e+00 ... 3.0194296e-09
  2.0688316e-09 4.4014308e-09]
 [0.0000000e+00 0.0000000e+00 0.0000000e+00 ... 3.5602454e-09
  4.0645385e-09 3.8233114e-09]
 [0.0000000e+00 0.0000000e+00 0.0000000e+00 ... 3.5206424e-09
  3.4191294e-09 5.1547442e-09]]",0.011432575,2.6132207e-05,841.4404987319521,285618.8349869201,0.02712736550174014,0.02712736550174014,10.0,151.99908088235293
47,Vishal Mishra,01 Kaise Hua (From _Kabir Singh_).wav,"[[0.0000000e+00 0.0000000e+00 0.0000000e+00 ... 2.0532036e-02
  5.7031242e-03 3.9176285e-02]
 [0.0000000e+00 0.0000000e+00 0.0000000e+00 ... 2.1986501e+00
  2.6070228e-01 8.4865278e-01]
 [0.0000000e+00 0.0000000e+00 0.0000000e+00 ... 1.3771623e+01
  1.6805195e+00 2.0579314e+00]
 ...
 [0.0000000e+00 0.0000000e+00 0.0000000e+00 ... 2.1271429e-09
  2.2669016e-09 3.0531078e-09]
 [0.0000000e+00 0.0000000e+00 0.0000000e+00 ... 2.3418203e-09
  2.3096025e-09 3.3630134e-09]
 [0.0000000e+00 0.0000000e+00 0.0000000e+00 ... 2.9165088e-09
  3.1968259e-09 2.7618896e-09]]",0.052337505,0.00078796706,995.3238424392556,1835604.7742454642,0.012912829901392111,0.012912829901392111,10.0,139.6748310810811
48,"Yasser Desai, Neha Kakkar, Rajat Nagpal",01 Dil Ko Karaar Aaya (From _Sukoon_).wav,"[[0.0000000e+00 0.0000000e+00 0.0000000e+00 ... 2.7553928e-03
  4.2081908e-03 1.7847179e-02]
 [0.0000000e+00 0.0000000e+00 0.0000000e+00 ... 5.2593537e-03
  6.0240239e-02 2.1211987e-02]
 [0.0000000e+00 0.0000000e+00 0.0000000e+00 ... 6.4736336e-02
  8.5913323e-02 8.1288360e-02]
 ...
 [0.0000000e+00 0.0000000e+00 0.0000000e+00 ... 3.1441261e-09
  3.0704794e-09 2.0099070e-07]
 [0.0000000e+00 0.0000000e+00 0.0000000e+00 ... 2.6328770e-09
  4.1095540e-09 1.9865240e-07]
 [0.0000000e+00 0.0000000e+00 0.0000000e+00 ... 3.0344722e-09
  4.1931130e-09 1.9464933e-07]]",0.010975344,7.267826e-05,2211.719621447116,2345918.376999926,0.06946962006960557,0.06946962006960557,10.0,129.19921875
